{
    "right_camera": {
        "serial_number": "1234567890",
        "model": "D415",
        "intrinsics": {
            "fx": 599.646,
            "fy": 599.646,
            "cx": 316.636,  
            "cy": 246.114,
            "width": 640,
            "height": 480
        },
        "extrinsics": {
            "SE3": [
                [0.31311153, 0.34673307, -0.88415912, 1.19536549],
                [0.18887183, -0.93510996, -0.29982793, 0.19921424],
                [-0.93074626, -0.07311317, -0.35828183, 0.69031045],
                [0.0, 0.0, 0.0, 1.0]
            ]
        }
    },
    "left_camera": {
        "serial_number": "164576563216",
        "model": "D455",
        "intrinsics": {
            "fx": 390.48,
            "fy": 390.48,
            "cx": 317.76,
            "cy": 236.668,
            "width": 640,
            "height": 480
        },
        "extrinsics": {
            "SE3": [[-0.98985691, -0.09613623, -0.10459981, 0.50410027],
                    [0.06412691, 0.35464458, -0.93279953, 0.68596583],
                    [0.12677158, -0.93004572, -0.34488247, 0.63128378],
                    [0.0, 0.0, 0.0, 1.0]]
        }
    },
    "wrist_camera": {
        "serial_number": "254625787",
        "model": "D405",
        "intrinsics": {
            "fx": 388.288,
            "fy": 388.288,
            "cx": 326.513,
            "cy": 240.184,
            "width": 640,
            "height": 480
        },
        "extrinsics": {
            "SE3": [[-0.03347902, -0.96778565, -0.24953974, 0.05990044],
                    [0.99941745, -0.03407341, -0.00193861, -0.0],
                    [-0.00662651, -0.24945928, 0.96836262, 0.0],
                    [0.0, 0.0, 0.0, 1.0]]

        }
    }
}

